split,label,count,percentage
train,knockoff,15,11.904761904761905
train,similar,9,7.142857142857143
train,unknown,102,80.95238095238095
val,knockoff,3,11.11111111111111
val,similar,2,7.407407407407407
val,unknown,22,81.48148148148148
test,knockoff,4,14.285714285714286
test,similar,1,3.5714285714285716
test,unknown,23,82.14285714285714
