model,val_accuracy,val_macro_f1,test_accuracy,test_macro_f1,test_macro_f1_ci95_lo,test_macro_f1_ci95_hi
threshold,0.43636363636363634,0.433834930717606,0.4824561403508772,0.48086081175025797,0.38731099629082866,0.5650383382040526
mlp_calibrated,0.6818181818181818,0.6845058176703747,0.6929824561403509,0.6926237978869558,0.6033519998308812,0.7709691697191696
