model,recall@1,recall@5,recall@10,mAP
Raw Embeddings,0.9747325290234464,1.0,1.0,0.9117647073044075
Shallow Projection,0.9729114500341453,0.9995447302526748,1.0,0.9455620923366942
Deep Projection,0.9786023218757114,0.9988618256316868,1.0,0.94014643854502
